ingredient,calories
baked potato,122
baked potato with sour cream,130
boiled potato,88
croquettes,63
curly fries (mccain),425
french fries (burger king),184
french fries ,4
french fries deep-fried,110
fried potatoes,104
gnocchi,163
khoai lang,124
khoai lang tã­m,139
large french fries,434
latkes,49
mashed potato with milk and butter,74
mashed potatoes,93
potato,67
potato flour,361
potato pancake,99
potato puffs,162
potato salad,105
potato salad with egg,300
potato sticks,52
potato waffles,19
potato wedges,162
potato cooked,133
potatoes au gratin ,113
red potatoes,70
roast potatoes,152
roasted sweet potatoes,112
rosemary potatoes,194
russet potatoes,83
shoestring french fries,2
small french fries,232
sweet potato,174
sweet potato fries,243
white potatoes,62
yam,116
adzuki beans cooked,77
agurkas,15
aloe vera,2
amaranth leaves,23
arame,30
armenian cucumber,26
arracacha,104
arrowhead,12
arrowroot,21
artichoke,56
asparagus raw,2
azuki bean,217
baked beans,105
baked beans canned,137
bamboo shoot,23
banana pepper,9
bean sprouts,48
beet greens raw,412
beetroot,58
beets canned,29
beets raw,38
bell pepper,23
bengal gram,378
black beans ,149
black beans cooked,89
black chana,132
black chickpeas,348
black eyed pea,140
black gram,130
black turtle beans cooked,131
bok choy,17
broccoli,34
broccoli cooked ,27
brown lentil,364
brussels sprouts,8
burdock,72
butternut squash cooked,45
butternut squash raw,68
cabbage,30
cabbage cooked,10
cabbage raw,25
capers canned,23
capsicum ,18
carrot,23
carrots cooked ,10
cattail,38
cauliflower rice,24
cauliflower ,28
cauliflower cooked,20
celeriac,27
celery cooked,19
celery raw,27
celtuce,18
cherry tomato,18
chickpea,151
chickpeas canned,135
chickpeas raw,378
chicory,9
chicory greens,7
chili pepper leaves,30
chinese cabbage,17
collard greens,26
common bean,45
common purslane,9
cooked beetroot,43
cooked chickpeas,210
corn kernel,89
corn on cob,7
corn on the cob with butter,261
corn canned,81
corn cooked,94
cranberry beans cooked,68
creamed spinach,78
cucamber ,21
cucumber peeled,1
daikon,30
dandelion,9
daylily,42
dill pickles,154
dock,22
dried tomatoes,2
eggplant ,20
elephant foot yam,177
elephant garlic,11
fava bean ,5
fava beans canned ,89
fennel,31
fiddlehead,34
flageolet,173
garbanzo,478
garland chrysanthemum,5
garlic ,4
good king henry,74
gourd,20
grape leaves,4
grape tomatoes,16
green,500
green beans,39
green beans cooked,26
green beans steamed,33
green chili pepper,18
green gram,125
green lentil,211
green onion,5
green peas,23
green tomato,34
grilled mixed vegetables,100
habanero,12
heart of palm,44
horse gram,36
horseradish,78
hot pepper,18
hyacinth bean,71
ivy gourd,20
jalapeno ,4
japanese sweet potatoes,114
jerusalem artichoke,80
jã­cama ,311
kale,45
kale cooked,44
kale raw,43
kelp,38
kidney beans,298
kimchi,8
komatsuna,11
kombu,10
kumara,116
lamb's quarters,43
laver seaweed,1
leaf celery,8
leek,46
lentil,40
lentil sprouts,11
lentils cooked,70
lima bean,28
lima beans canned,45
lotus root,85
luffa,20
malabar spinach,85
mallow,14
masoor dal,147
mixed vegetable salad,56
mixed vegetables steamed,59
mizuna greens,25
moong dal,125
moringa leaves,41
moringa powder,30
moth bean,137
mozuku,5
mung bean ,125
mung beans cooked,286
mushrooms enoki,42
mustard greens,250
napa cabbage,263
napa cabbage cooked,79
natto,91
navy bean,307
navy beans canned,294
new zealand spinach,11
okara,268
okra,17
okra cooked,25
onion cooked,18
onion minced,30
onion raw,5
parsnip,51
pea ,136
peanuts roasted,180
pearl onion,10
peas canned,63
peas cooked,126
pickle relish,20
pickle ,11
pigeon pea,99
pinto beans,105
pinto beans canned,310
pinto beans cooked,213
poi,277
pointed gourd,20
poke,460
potato onion,54
pumpkin,36
pumpkin flower ,0
pumpkin canned,34
pumpkin cooked,20
puy lentils,13
radicchio,17
radish,3
rapa cabbage ,28
red beans,37
red bell pepper ,54
red cabbage cooked,25
red cabbage raw,27
red lentils,367
red onion,4
red spinach,9
refried beans,83
ridged gourd,13
roasted asparagus,55
roasted carrots,34
roma tomato,25
runner bean,14
rutabaga,36
salsify,724
sea beet,21
sea lettuce,4
serrano pepper,29
shallot,7
shepherd's purse,31
siling haba,4
skirret,119
snake gourd,19
sorrel,13
sour cabbage,27
sour pickles,4
soybean ,52
soybean cooked,137
spaghetti squash cooked,249
spinach,33
spinach canned,52
spinach cooked,19
spirulina,1
split peas cooked,94
steamed broccoli,30
stewed tomatoes canned,21
string beans,16
sugar peas,55
swamp cabbage,24
swede,36
sweet onion,660
sweet pickles,4
sweet potato leaves cooked,382
sweet potato baked,64
sweet potato boiled,124
sweet potato leaves,221
sweetcorn,141
swiss chard ,21
tang,5
taro,135
tatsoi,320
tepary bean,114
textured soy protein,98
textured vegetable protein,45
tinda,336
tomato,24
tomato cooked,26
turnip,19
turnip greens,32
urad bean,172
vegetable stock,2
velvet bean,134
wakame,18
water spinach,67
white beans,60
white beans canned,71
white beans cooked,127
white icicle radish,14
wild leek,54
winged bean,15
winter squash,395
yam bean,656
yellow beans cooked,29
yellow bell pepper,46
yellow lentils,142
yellow paprika,28
yellow tomato,15
yucca ,141
yukon gold potatoes,290
zeytin,4
zucchini cooked,24
zucchini ,23
zucchini raw/fresh,23
breaded mushroom,30
champignons,37
chanterelle mushrooms,2
chanterelles,23
crimini mushrooms,11
maitake mushrooms,2
morchella ,3
morel mushrooms,36
mushrooms,37
mushrooms raw,4
oyster mushroom,5
porcini mushroom,47
porcini mushroom dried,33
shiitake mushroom,5
truffles,14
white button mushrooms,10
arugula ,7
bacon ranch salad,102
coleslaw,63
corn salad,76
endive,5
garden salad,19
greek salad,72
grilled chicken salad,180
iceberg lettuce ,15
kalette,45
mixed salad ,14
red lettuce,31
romaine lettuce,23
side salad,38
spring mix,21
valerian salad ,18
vegetable salad,14
acai berry puree,59
acerola,1
ackee,336
ananas,32
apple,89
apple pink lady,52
apple small,96
apricot,22
apricot dried ,32
asian pear,42
banana,69
bartlett pear ,83
bilberry,58
black olive,20
black sapote,140
black seedless grapes,169
blackberry,53
blackcurrant ,58
blood orange,51
bluberries,58
blueberries ,58
boysenberry,50
breadfruit,103
cactus pear,23
canistel,6
canned apricots,28
canned cherries,5
canned cranberries,187
canned crushed pineapple,60
canned mandarin oranges,141
canned mango,33
canned peaches,11
canned pears,34
canned pineapple,86
cantaloupe,45
carob,94
casaba melon,28
cempedak,95
chayote,19
cherimoya,94
cherries,5
clementine,37
cloudberry,2
coconut,384
concord grape,22
cranberries,38
cranberries dried,94
currant,50
custard apple,101
cuties mandarin orange,312
date,70
dragon fruit,60
dried figs,135
dried fruit,64
dried prunes,62
durian,151
egg fruit,139
elderberries ,348
ensete,190
feijoa,31
fig,30
fresh pineapple,23
frozen berries,56
frozen blueberries,60
frozen mixed berries,84
fruit salad,63
fuji apple,98
gac,40
galia melon,75
goji berry,20
golden delicious apple,78
golden raisins,90
gooseberries,2
granny smith,78
grape,6
grapefruit,47
green apple,77
green olives,4
green seedless grapes,32
greengage,21
guava,7
hass avocado,197
honeyberry,53
honeycrisp apple,84
honeydew,45
honeydew melon,84
huckleberry,429
jackfruit,80
jambul,75
japanese persimmon,70
japanese plum,17
java plum,14
jostaberry,59
jujube,143
kaffir lime,35
kiwano horned melon,44
kiwi,46
kumquat,14
lemon,25
lemon peel,3
lemonade,29
lime,32
loganberry ,69
longan,46
loquat,6
lychee ,8
mamey sapote,124
mandarin orange ,42
mango,61
mangosteen,61
maracuya,59
maraschino cherries,2
marionberry,80
medjool dates,46
mela,40
melon,57
minneola,67
miracle fruit,4
mixed fruit,109
mixed fruit smoothie,55
mouse melon,0
mulberries,58
muscadine grapes,3
musk melon,84
nectarine,59
nopal,385
olive ,6
orange,47
papaya,44
papaya leaves,34
passion fruit,59
pawpaw,68
peach,59
pear ,57
persimmon,56
physalis,5
pinapple,72
pineapple chunks,70
pineberry,36
pink grapefruit,47
pink lady,78
plantain fried,16
plantain ,125
plum,17
poha,114
pom potes (materne),59
pomegranate,79
pomelo ,47
prickly pear,32
prunes,5
purple mangosteen,58
quince,46
raisin,62
rambutan,14
rasberries ,54
raspberries tk ,56
red delicious apple,19
red grapes,13
redcurrant,17
rhubarb,16
rose apple,15
rose hips,162
rowan,127
salak,59
salal berry,79
sapodilla,31
satsuma,33
small banana,89
sour cherries,3
soursop,33
star apple,67
star fruit,26
strawberries,4
strawberry guava,1
strawberry preserves,11
surinam cherry,28
tamarillo,24
tamarind,145
tangelo,244
tayberry,95
tomatillo,16
ugli fruit ,47
water melon,57
white currant,64
white grapefruit,88
white sapote,106
winter melon ,30
yellow melon,44
yuzu,25
almond milk original,22
almond milk unsweetened ,13
apple butter,173
butter oil,131
buttermilk,37
carvel strawberry,40
cheese bread,356
cheese sauce,17
cherry yogurt,140
chocolate milk,132
coconut milk,10
coffee creamer,21
condensed milk ,10
cream,31
creme fraiche,42
dairy milk mcflurry (mcdonald's),212
goat milk,67
hafermilch,40
heavy cream,25
heavy whipping cream,340
human milk,304
indian buffalo milk,97
kefir,65
lactose free milk,39
lassi,65
low-fat milk,48
magerquark,73
malted milk,234
mango lassi,82
mascarpone,393
milk,65
milk 2% fat,395
milk fat free,129
milkshake strawberry ,165
peach yogurt,150
powdered milk,31
probiotic yogurt,81
quark,199
rice milk,53
semi skimmed milk,47
sheep milk,94
skim milk,35
sour cream fat free,45
soy drink,29
soy milk ,36
sweetened condensed milk,23
vanilla milkshake ,78
whipped cream,46
whole milk ,65
yakult,54
actimel (danone),73
activia (danone),85
activia strawberry (danone),101
ayran,35
blueberry yogurt,10
fat free greek yoghurt,120
fruit yogurt,131
greek yogurt,107
low fat yogurt,68
natural yoghurt,104
plain yogurt,106
skim milk yogurt,108
skyr yogurt,477
sour cream,59
sour cream light,36
strawberry greek yogurt,123
strawberry yogurt,56
total 0% greek yogurt (fage),81
triple zero greek yogurt (oikos),120
vanilla yogurt ,127
yogurt parfait,126
yoplait boston cream pie,45
yoplait greek blueberry,126
yoplait greek strawberry,102
yoplait harvest peach,53
yoplait light strawberry yogurt,53
yoplait mixed berry,82
yoplait strawberry,88
yoplait strawberry banana,38
yougurt ,69
american cheese,80
asadero cheese,100
asiago cheese,139
babybel,59
blue cheese,108
brick cheese,158
brie,103
camembert,86
cheddar cheese ,111
cheese fondue,55
cheese slices,81
cheese soup,78
cheese spread,83
chihuahua cheese,105
chive cream cheese,201
colby jack cheese ,434
cottage cheese,103
cream cheese fat free,16
curd,43
edam cheese ,357
emmental ,72
feta cheese,86
fol epi,106
fontina,116
fontina cheese,389
fresh mozzarella,46
gjetost,132
goat cheese,104
gorgonzola,101
gouda cheese ,103
grana padano,111
grated parmesan,119
gruyere cheese ,116
halloumi,114
havarti,78
jarlsberg,99
leerdammer cheese ,352
light cheese,34
limburger cheese,81
maasdam cheese ,105
manchego cheese,21
mexican cheese,252
mini babybel light,42
monterey ,68
mozzarella cheese ,331
muenster cheese,55
parmesan cheese ,80
parmesan cheese grated,126
pecorino,106
pepper jack cheese ,78
pimento cheese,79
port salut cheese,99
porter,107
provolone cheese ,105
raclette cheese,104
romano cheese ,110
roquefort cheese ,109
sheep cheese,144
shredded cheese,25
shredded sharp cheddar cheese,152
smoked cheese,119
soft cheese,83
soy cheeseâ ,36
stilton cheese,18
string cheese,90
vegan cheese,54
white cheddar,207
white cheese,89
chocolate philadelphia (mondeläz),86
cottage cheese,103
cottage cheese low fat,250
cottage cheese nonfat,91
cream cheese,51
cream cheese low fat,68
labneh,50
neufchatel ,235
paneer,90
philadelphia cream cheese (mondeläz),68
queso fresco ,259
ricotta cheese ,26
salmon cream cheese,90
alligator,110
antelope meat,114
bacon rashers,167
bacon cooked,10
bear meat,137
beaver meat,131
beef,156
beef bologna,185
beef bottom round steak cooked,505
beef brain,99
beef flank steak cooked,143
beef heart cooked,152
beef heart raw,84
beef jerky,54
beef kidney,14
beef liver cooked,196
beef liver raw,148
beef lung,28
beef neck,101
beef pancreas,106
beef patty ,48
beef round steak raw,175
beef sirloin,450
beef stew,488
beef suet,154
beef thymus,106
beef tongue,66
beef top sirloin steak cooked,111
beef tripe,26
boar,243
brawn ,175
buffalo wings,25
buffalo ,84
caribou,46
chicken breast fillet,132
chicken leg cooked,305
chicken leg fried,212
chicken liver,60
chicken strips,136
chicken thigh cooked,190
chicken thigh raw ,173
chicken thigh roasted,243
chicken thighs grilled,230
corned beef,35
dove,196
dove meat cooked,194
duck,273
duck breast,251
duck liver,57
emu,88
goat meat cooked,238
goat meat raw,179
goose,342
goose liver,123
ground beef ,235
guinea fowl,124
horse meat cooked,148
hot dog sausage,79
hot wings,85
hotdog with chili,260
lamb,128
lamb brain cooked,123
lamb chops,343
lamb heart,119
lamb kidney,95
lamb leg cooked,191
lamb liver cooked,187
lamb lungs cooked,96
lamb meat,117
lamb meat cooked ,157
lamb tongue cooked,231
liver,125
liver cheese,57
meatball,120
mettwurst,196
moose ,92
mutton ,157
peking duck,140
pigeon,457
pork liver,36
pork loin raw,120
pork skin,311
rabbit,228
rabbit meat cooked,173
racoon,217
reindeer meat ,121
rhea,275
rib eye steak ,485
rib eye steak grilled,259
round steak,201
rump steak,268
skirt steak,151
spam,267
spare ribs,320
squirrel ,102
standing rib roast,122
steak sandwich,31
tongue,98
turkey pot pie,277
turkey salami,17
veal heart,124
veal tongue,203
vegan meat,217
veggie patty,178
venison rabbit,108
water buffalo meat cooked,27
wild boar meat,162
wild duck,206
beef bologna,185
beef bottom round steak cooked,505
beef brain,99
beef brisket,330
beef empanada,33
beef fillet ,181
beef flank steak cooked,143
beef heart cooked,152
beef heart raw,84
beef kidney,14
beef liver raw,148
beef lung,28
beef neck,101
beef noodle soup,70
beef pancreas,106
beef patty ,48
beef pizza,271
beef ribs,167
beef roast,270
beef round steak raw,175
beef salami,95
beef sirloin,450
beef stew,488
beef stew meat,41
beef stick,117
beef suet,154
beef tallow,902
beef tenderloin steak cooked,382
beef thymus,106
beef tongue,66
beef tongue cooked,242
beef top sirloin steak cooked,111
beef tripe,26
bison,124
bison meat,190
bison sirloin,320
calf brain,78
calf liver,169
chuck steak ,227
corned beef hash,139
corned beef canned,250
cubed steak,82
filet mignon,147
flank steak,198
flat iron steak,182
ground beef ,235
ground beef 85% lean ,49
ground beef 90% lean ,46
ground chuck,280
ground round,140
jerky,91
new york strip steak,44
philly cheese steak,112
porterhouse steak,223
roast beef,162
round steak,201
rump steak,268
schnitzel,121
sirloin steak,195
skirt steak,151
standing rib roast,122
strip steak,117
tongue,98
veal,187
veal bratwurst,218
veal heart,124
veal kidney,112
veal meat cooked,229
veal meat raw,62
veal shank,107
vegan steak,268
bacon,81
baked ham,28
chitterlings,233
cumberland sausage,244
grilled pork chop,150
ground pork,279
hog maws,250
knackwurst,196
pork,279
pork bacon,607
pork belly raw,261
pork blade steak,166
pork chop,113
pork country style ribs,329
pork cutlet,132
pork ears cooked,195
pork egg roll,23
pork leg,179
pork liver,36
pork loin cooked,143
pork loin raw,120
pork ribs,246
pork roast,296
pork roll,79
pork sausage,146
pork shank,179
pork shoulder blade,515
pork shoulder cooked,273
pork shoulder raw,219
pork skin,311
pork spare ribs,19
pork steaks,95
pork stomach,150
pork tamale,628
pork tenderloin cooked,52
pork tongue,160
salt pork,52
sausage patty,43
slice of ham,16
smoked sausage,210
spare ribs,320
baked chicken,117
boiled chicken,177
capon,199
chicken,166
chicken and rice casserole,48
chicken biryani,253
chicken breast,151
chicken breast fillet,132
chicken breast baked,128
chicken breast cooked,99
chicken breast raw,101
chicken breast roasted,128
chicken drumstick cooked,155
chicken fried steak,98
chicken giblets,263
chicken heart,47
chicken leg cooked,305
chicken leg fried,212
chicken liver,60
chicken liver pate,57
chicken liver cooked,77
chicken meat,166
chicken neck cooked,81
chicken nuggets,50
chicken patty,174
chicken sausage,149
chicken stomach,130
chicken strips,136
chicken tenders,157
chicken thigh no skin,140
chicken thigh cooked,190
chicken thigh raw ,173
chicken thigh roasted,243
chicken wing raw,224
chicken thighs grilled,230
cornish hens,200
deviled eggs,16
drumstick,141
goose meat,111
grilled cheese ,150
grilled chicken,151
grilled chicken breast,107
ground chicken cooked,462
ground turkey cooked,38
guinea fowl,124
mcdonald's mighty wings,314
orange chicken,351
ostrich meat ,240
oven roasted turkey breast,140
pechuga de pollo,130
pheasant breast,133
pheasant ,131
quail,120
rotisserie chicken,160
skinless chicken breast,101
sliced turkey breast,27
tandoori chicken,12
turkey,197
turkey bacon,66
turkey bologna,25
turkey breast raw,105
turkey breast roasted,165
turkey cutlet,294
turkey drumsticks,118
turkey egg,135
turkey fat,361
turkey giblets,124
turkey heart,28
turkey legs,151
turkey liver,327
turkey pastrami,41
turkey sausage,149
turkey steak,132
turkey wings,235
turkey and gravy,169
vegan chicken,143
andouille,43
beef salami,95
black pudding,244
blood sausage,368
bockwurst,250
boiled ham,45
bologna,84
boudin,90
bratwurst,234
breakfast sausage links,244
capicola,6
chicken bratwurst,274
chicken frankfurter,60
chicken spread,16
chopped ham,60
chorizo,206
cooked ham ,36
frankfurter,186
garlic sausage,50
ham,24
ham sausage,78
ham slice,7
ham steak,234
honey ham,40
hot sausage,113
italian salami,87
italian sausage,293
kielbasa,276
knackwurst,196
landjaeger,193
linguica,160
link sausage,150
liverwurst ,101
mettwurst,196
mortadella,48
parma ham,37
pastrami,41
polish sausage,564
pork bratwurst,293
pork salami,253
prosciutto,14
prosciutto crudo,27
ring bologna,76
salami,65
sausage,296
sausage roll,136
serrano ham,32
smoked ham,67
smoked turkey breast,53
summer sausage,69
turkey ham,23
weisswurst,225
basmati rice,176
black rice,453
brown rice cake,35
brown rice cooked,147
brown rice raw,440
fried rice,188
idly,133
jasmine rice,356
nasi putih,188
puffed rice,163
rice bran oil,196
rice cake ,39
rice crisps,34
rice noodles cooked,260
shirataki rice,10
spanish rice,333
white rice cooked ,619
white rice raw,245
white rice steamed,36
wild rice cooked,164
apple croissant,145
arepa,307
bagel,195
baguette,86
banana bread,111
banana nut bread,149
beer bread,90
biscuit plain or buttermilk,159
black bread,165
bran muffins,178
bread crumbs,36
bread roll,120
bread and cheese,237
bread with seeds,120
breadsticks,14
breakfast biscuits,64
brioche,209
brown bread,123
brown toast bread,77
bun,130
butter croissant,256
butter toast,66
buttermilk pancakes,86
buttermilk waffle,104
carb balance tortilla,120
carob flour,302
challah,89
chapati,134
cheese bread,356
cheese croissant,488
cheese pastry,266
cheese puffs,500
cheese stick,515
chocolate croissant,232
chocolate donut,240
ciabatta bread,83
cinnamon bun,277
cinnamon raisin bagel,189
corn tortilla,50
cornbread,182
cracked wheat bread,65
cracker meal,38
cream puff,241
croissant,294
croutons,525
crumpet,102
dinner roll,199
dosa,74
dove,196
eclair,640
egg bagel,192
egg bread,115
english muffin with butter,189
english muffin ,91
english muffin whole-wheat,134
everything bagel,390
fairy cakes,220
finn crisp,21
flapjack,78
flatbread,184
focaccia,148
french bread baguette,80
french cruller donut ,216
french roll,105
frybread,309
garlic baguette,305
graham cracker pie crust,501
ham sandwich,255
ham and cheese sandwich,57
hamburger bun,82
honey wheat bread,61
hot dog bun ,211
italian bread,202
matzo bread,56
matzo crackers,62
melba toast crackers,7
monkey bread,380
multi grain bread ,187
naan,262
oat bran bagel,176
oat bran bread,84
oatmeal bread,68
olive loaf,120
paczki,179
pain,120
pain au chocolat,66
pan de sal ,19
paratha,258
pita bread,144
pita bread whole wheat,81
pizza rolls,101
plain bagel,25
plain paratha,61
potato bread,171
pretzel roll,234
pretzel ,259
protein bread,121
pulled pork sandwich,241
pumpernickel bread ,55
pumpkin bread,181
puri,62
roll,240
roti,202
rusks,38
rye bread,193
saltine crackers ,23
sandwich bread,14
scone,262
shortcrust pastry,435
soda bread,215
soft pretzels,259
sourdough bread,93
sweet rolls,45
toast,66
tortilla,39
tortilla wrap ,179
viena bread,132
wheat bran bread,80
wheat bread,79
wheat germ bread,61
wheat paratha,12
wheat roti,81
white bread,93
white bread toasted,39
whole wheat bread,119
whole wheat bread toasted,3
wholemeal toast,53
wholemeal bread,85
wonton wrappers,13
yorkshire pudding,60
capellini,129
cappelletti,93
cellophane noodles,351
cheese tortellini,314
chinese noodles,176
egg noodles,96
egg noodles cooked,69
farfalle,287
fettuccine,287
fusilli,283
homemade lasagna,250
instant noodles,206
lasagne sheets,61
linguine,287
macaroni,287
macaroni cooked,192
mostaccioli,86
orecchiette,218
orzo,543
pasta,273
pasta cooked,212
penne pasta ,269
penne rigate,264
pierogi,250
ravioli,242
rigatoni,265
rotini,297
shirataki noodle,606
soy noodles,292
spagetti ,265
spaghetti cooked,196
spinach tortellini,301
spã¤tzle,163
tagliatelle,242
tortellini,273
vermicelli,463
whole grain noodles,256
whole grain spaghetti,253
whole wheat spaghetti cooked,148
yuba,150
ziti,86
acorn flour,150
agar,3
all purpose flour,366
almond extract,0
almond paste,185
amaranth,200
arrowroot flour,286
baker's yeast,40
baking chocolate,66
baking powder,6
barley,173
barley flour,409
barley groats,100
barley cooked,60
bran flakes,108
bread flour,110
brown sugar,570
buckwheat flour,390
bulgur cooked,128
cake flour,362
candied orange peel,30
chickpea flour,420
chocolate chips,229
chocolate frosting,16
chocolate sprinkles,20
chocolate syrup,35
cocoa powder ,118
coconut flakes,339
corn flour,413
corn syrup,34
corn ,280
cornmeal,50
cornstarch,87
couscous ,175
cream of tartar,12
dextrose,30
duck egg,130
durum wheat semolina,200
egg substitute powder,44
egg white,14
egg white boiled,36
egg yolk raw,67
egg ,60
egg hard boiled ,69
egg medium,86
eggs large ,142
flour,413
flour tortilla,28
fondant,352
freekeh ,352
fructose,16
gelatin,287
glucose,23
glucose syrup,130
gluten,37
goose egg,180
granulated sugar,20
guar,56
half and half ,131
honey,30
iodized salt,0
jaggery,7
kamut,182
maca powder,13
malt syrup,64
maltitol,12
maltodextrin,72
maltose,80
marzipan,75
millet,362
millet flour,410
millet cooked,16
molasses,60
oat bran,179
oatmeal,128
oats,175
orange peel,32
pearl barley,173
pectin,3
peppermint extract,0
plantain flower,218
polenta,100
potato starch,336
powder,24
powdered sugar,40
puff pastry ,47
quail egg,14
quinoa cooked,103
quinoa dry,183
rolled oats,185
rye,242
rye flour,401
saccharin sweetener,0
sago,67
salt,0
semolina,85
semolina flour,415
semolina pudding,329
sesame flour,158
shredded coconut,34
soda,0
sorbitol,12
sorghum flour,165
sorghum syrup,73
soy flour,478
spelt,352
splenda sweetener,3
starch,35
stevia,4
sucrose,10
sugar,16
sunflower seed flour,120
sweetener,2
tapioca pearls,110
tortilla flour,86
triticale,18
turbinado sugar ,16
vanilla,16
vanilla bean,10
vanilla extract,15
vanilla frosting,110
vanilla sugar,12
wheat bran,135
wheat germ,56
wheat gluten,34
wheat semolina,40
wheat starch,52
wheatgrass,9
white sugar,16
white wheat,92
whole grain,327
whole grain wheat,131
whole grain wheat flour,325
whole wheat flour,325
whole wheat cooked,47
xylitol,12
all bran,65
avena,316
bran flakes,108
buckwheat ,173
buckwheat cooked,124
cap'n crunch (quaker oats),150
cereal,272
cheerios (nestlã©),114
chex,101
chocolate cheerios,45
cinnamon toast crunch ,120
coco pops (kellogg's),117
cocoa krispies (kellogg's),389
cocoa pebbles (post),397
cocoa puffs (general mills),383
cookie crisp (nestlã©),116
corn flakes,83
corn pops,52
count chocula,115
cracklin oat bran (kellogg's),158
cream of wheat,121
crunchy nut cornflakes (kelloggs),194
dippin dots,122
fiber one,207
froot loops (kellogg's),115
frosted cheerios,376
frosted flakes (kellogg's),176
fruity pebbles (post),301
golden grahams,113
granola,304
granola bites,56
grape nuts,311
honey nut cheerios (general mills),324
honey smacks (kellogg's),97
instant oatmeal original ,152
just right (kellogg's),148
kashi,311
kix,179
krave,95
life cereal (quaker oats),161
lucky charms,164
malt o meal (post),42
mini wheats,22
muesli,218
multigrain cheerios (general mills),43
oat bran,179
oatibix (weetabix),195
oatmeal,128
oats 'n honey granola bar (nature valley),190
old fashioned oatmeal,711
peanut butter toast crunch,19
porridge ,152
post raisin bran ,34
post shredded wheat,183
puffed wheat,110
quaker grits,133
quaker oatmeal,68
quaker oatmeal squares,425
raisin bran,137
raisin bran crunch,44
ready brek,112
rice chex,165
rice krispies (kellogg's),115
rolled oats,185
rye bran,86
scooters,116
shreddies (nestlã©),146
smart start,125
smores,116
special k (kellogg's),116
special k chocolatey delight (kellogg's),50
special k protein plus (kellogg's),119
special k red berries (kellogg's),104
spelt bran,56
sugar puffs,150
trix (general mills),52
weetabix ,130
weetos (weetabix),112
wheat bran,135
wheat germ toasted,38
wheaties (general mills),51
abalone,157
anchovis,17
baked mackerel ,174
bass,98
bluefish,186
bream,172
butterfish,34
calamari,81
carp,168
catfish fried,156
clam,80
cod,65
crawfish ,12
eel,281
fish fillet fried,219
fish fingers ,64
flounder,72
grilled shrimp,89
grouper,148
haddock,77
hake,94
halibut,95
herring,233
herring pickled,39
hijiki,10
hoki,123
kipper,123
ling,87
lobster,124
lobster bisque soup,135
mackerel,155
milkfish,126
mullet cooked,342
mussel,7
octopus,69
oyster raw,5
pan fried fish,285
pickerel,387
pike,111
pink salmon canned,23
pollack,269
red snapper,109
redfish,302
rollmops,80
salmon,271
salmon sashimi,51
salmon baked,95
salmon canned,78
salmon cooked,185
salmon raw,226
sardines,101
sardines in tomato sauce canned,137
scallop,22
scampi,47
sea bass,105
sea grape,9
shad,197
shark,163
shells,91
shrimp ,77
shrimp cooked,28
shrimp fried,89
smelt,39
smoked salmon,95
sole ,66
squid,69
sturgeon,201
surimi,17
swordfish,159
tilapia cooked,148
triggerfish,105
trout,64
tuna,113
tuna canned,55
tuna canned in oil,198
turbot,66
white fish,184
whitefish,147
whiting,74
wild pink salmon,27
zander,105
aloo ki sabzi,223
aloo paratha,230
alphabet soup,30
apple crumble,360
arhar dal,150
avocado toast,190
bacon and eggs,135
baked potato with sour cream,130
banana oatmeal pancake,72
bean burrito,285
bean with bacon soup,150
beef broth soup ,8
beef noodle soup,70
beef stew meat,41
beef stock,8
beef stew ,74
biryani,108
black bean soup,103
blueberry pancakes,97
boiled egg ,69
broccoli cheese soup,69
broccoli soup,44
burrito,323
butter chicken,210
cabbage soup,36
caesar salad,187
caesar salad with crispy chicken mcdonald's,54
caesar salad with grilled chicken,124
cannelloni,123
carrot ginger soup,79
carrot soup,47
chana daal,190
cheese fondue,55
cheese lasagna,130
cheese soup,78
chicken and rice casserole,48
chicken biryani,253
chicken bouillon,224
chicken broth ,148
chicken caesar salad,184
chicken chow mein,179
chicken curry,92
chicken egg roll,15
chicken fajita,224
chicken fried rice,173
chicken fried steak,98
chicken gizzards ,154
chicken marsala,101
chicken mushroom soup,54
chicken noodle soup,114
chicken parmesan,718
chicken pizziola,114
chicken pot pie,161
chicken rice soup,53
chicken salad,150
chicken soup,246
chicken stock,500
chicken tikka masala,274
chicken tortilla wrap,279
chicken vegetable soup,33
chilli con carne,100
chimichanga,246
chip shop chips,310
chitterlings,233
chop suey,129
chow mein noodles,471
clam chowder soup,79
cobb salad,92
corn & rice ,113
corn tamale,186
corned beef hash with potatoes,164
cottage pie,548
crab cake,29
crab soup,51
cream of asparagus soup,381
cream of broccoli soup,69
cream of celery soup,72
cream of chicken soup,90
cream of mushroom soup,383
cream of potato soup,74
creamy chicken noodle soup,92
daal chawal,110
dal,131
dim sum,51
dosa plain,74
egg drop soup,27
egg fried rice,290
egg omlette,94
egg fried,90
egg over easy,72
egg sunny side up,72
eggy bread,177
empanada,298
enchiladas,374
escarole soup,45
fajita,234
falafel,60
fish broth,39
fish curry,92
fish stock,38
fish and chips,310
french onion soup,153
french toast,135
fried egg,113
gazpacho soup,50
general tso's chicken,52
golden mushroom soup,70
goulash,90
green pea soup,125
hash brown potato,196
healthy choice chicken and rice soup,37
hog maws,250
homemade idli,61
homemade lasagna,250
hot & sour soup,257
indian chicken curry,106
jambalaya,124
khichdi,117
king cake,137
kung pao chicken,129
lasagna ,171
lebanon bologna,98
lemon chicken,94
lentil soup,25
lentil soup with ham,56
liver pate,63
lobster bisque soup,135
mac and cheese ,502
manicotti,177
meat pie,243
meatball,120
meatball soup,108
meatloaf,186
mince pie,289
minestrone soup ,45
miso soup ,136
moong masoor dal,179
mushroom barley soup,54
mushroom soup,88
mutton curry,94
noodle soup,100
omelet,387
onion soup,16
orange chicken,351
oxtail soup,84
pad thai,100
paella,120
pasta bolognese,146
pasta pesto,314
pasta with tomato sauce,341
pide,273
poached egg,69
potato salad,105
potato soup,92
potatoes au gratin ,113
pumpkin cream ,559
pupusas con frijoles,441
rajma,203
ramen,62
roast dinner,125
sabji,120
sambar,287
samosa,112
sandwich,322
scotch broth,84
scrambled egg white,2
scrambled eggs,194
scrapple,57
shepherds pie,94
shrimp cocktail,122
soufflã©,269
spaghetti with meat sauce ,120
spaghetti with meatballs,152
spicy tuna roll,128
spinach souffle,342
split pea soup with ham,77
split pea soup ,76
spring roll,59
squash,191
stew beef,99
stir fried vegetables,138
succotash,439
sweet & sour chicken,250
taco,210
tandoori chicken,12
tarte flambã©e,147
thai soup,94
tom kha gai ,94
tomato bisque soup,66
tomato rice soup,80
tomato vegetable soup,33
tomatosoup ,36
tripe soup,48
tuna salad,109
turkey noodle soup,61
turkey pot pie,277
turkey roll,66
turkey soup,57
turkey vegetable soup,48
vegetable beef soup,48
vegetable chicken soup,33
vegetable egg roll,164
vegetable lasagna,119
vegetable soup,26
wonton soup,32
arby's grand turkey club,210
arby's reuben,208
arby's roast beef classic,227
arby's roast beef max,206
bbq rib,302
blt,205
bean burrito,285
beef empanada,33
beef pizza,271
big mac (mcdonald's),259
burger,395
burger king angry whopper,270
burger king double whopper with cheese,266
burger king original chicken sandwich,286
burger king premium alaskan fish sandwich,260
burger king triple whopper,258
burger king whoopper,233
burger king whopper with cheese,250
burger patty,240
calabresa pizza,222
cheese quesadilla,71
cheese sandwich,291
cheeseburger,281
chicken box,235
chicken mcnuggets (mcdonald's),45
chicken nuggets,50
chicken sandwich,249
chicken sandwich with cheese,184
chicken tenders,157
chicken teriyaki sandwich,486
chicken wing fried ,62
chimichanga,246
chinese egg roll,172
corn dog,195
crispy chicken sandwich,276
crispy chicken strips,180
crispy chicken thigh kentucky fried chicken (kfc),309
double cheeseburger,269
double hamburger,252
double whopper,252
double whopper with cheese,266
dumplings,347
egg mcmuffin (mcdonald's),322
egg roll,107
egg sandwich,298
egg white delight,71
fish sandwich,233
french fries (burger king),184
french fries (mcdonald's),434
french fries ,4
french fries deep-fried,110
french toast sticks,371
goat cheese pizza,29
grilled chicken sandwich,182
hamburger,297
hot dog,240
hot dog sausage,79
hot dog bun ,211
hot wings,85
hotdog with chili,260
hushpuppies,181
ice cream cookie sandwich,197
instant ramen,95
italian bmt (subway),540
kebab,126
large french fries,434
mcchicken (mcdonald's),230
mcdonald's big mac,234
mcdonald's cheeseburger,290
mcdonald's chicken nuggets,239
mcdonald's double cheeseburger,350
mcdonald's filet o fish,511
mcdonald's mcdouble,81
mcrib (mcdonald's),305
nachos supreme,367
new york style pizza,20
onion rings,50
original chicken sandwich (burger king),298
peanut butter sandwich,353
plant based burgers,173
poutine,230
premium grilled chicken classic sandwich,175
quarter pounder (mcdonald's),256
quarter pounder with cheese,258
reuben sandwich,224
roast beef sandwich,23
sausage biscuit,410
sausage burrito,102
sausage mcgriddles (mcdonald's),421
sausage mcmuffin (mcdonald's),370
sloppy joe,321
spring roll,59
subway club sandwich,258
taco salad,750
turkey breast sandwich,70
vegan hot dogs,214
veggie burger,204
veggie delight,138
wendy's baconator,445
wendy's jr bacon cheeseburger,406
wendy's jr cheeseburger,208
wendy's son of baconator,296
whopper (burger king),250
zinger burger (kfc),244
bbq chicken pizza,320
bbq pizza,242
bianca pizza,279
buffalo chicken pizza,211
calzone,227
capricciosa pizza,84
cheese pizza,379
chicken pizza,243
deep dish pizza,313
dominos philly cheese steak pizza,1253
hawaiian pizza,106
margherita pizza,240
mozzarella pizza,328
mushroom pizza,252
napoli pizza,292
pepperoni pizza,298
pepperoni pizza pizza hut,283
pizza,222
pizza dough,153
pizza hut stuffed crust pizza,259
pizza hut supreme pizza,525
pizza slice,113
pizza homemade,266
quattro formaggi pizza,29
salami pizza,239
sausage pizza,94
schwan's pizza,497
seafood pizza,237
shrimp pizza,252
sicilian pizza,91
spinach feta pizza,216
spinach pizza,367
stuffed crust pizza,274
thin crust pizza,164
tuna pizza,227
vegetable pizza,154
veggie pizza ,78
white pizza,153
avocado sushi,28
california inside out ,28
california roll,28
cucumber maki,20
inside out sushi,28
maki avocado,49
nigiri,165
nori,9
pickled ginger,3
salmon maki,25
salmon sashimi,51
salmon sushi,24
sashimi,160
soy sauce,18
surimi,17
sushi,86
tempura sushi,170
tuna maki,140
tuna sushi,60
uramaki,54
wasabi,4
7 up (pepsico),42
acai juice,56
ale,34
amp energy (pepsico),46
apple juice,56
apple juice concentrate,46
apricot nectar,44
banana juice,53
barq's,47
bitter lemon,50
canada dry ginger ale,39
capri sun,36
carrot juice,24
cherry coke,43
cherry juice,91
clamato,25
club mate,20
club soda,0
coconut water,15
coke zero ,0
coke ,42
cranberry apple juice,63
cranberry grape juice,70
cranberry juice,179
cream soda,46
crystal light,2
cucumber juice,15
diet cherry coke (coca cola),0
diet coke (coca cola),0
diet dr pepper,2
diet pepsi,462
diet sunkist,0
dr. pepper,42
egg cream,45
elderflower syrup ,36
energy drink,46
fanta (coca cola),42
fanta zero (coca cola),0
five alive,46
fresca,39
fresh orange juice,46
fruit juice,61
fruit punch,48
fruit smoothie,46
fruitopia strawberry (coca cola),40
full throttle,46
fuze,14
fuze tea lime,19
gatorade,24
gatorade g2,8
ginger ale,34
grape juice,270
grape soda,31
grapefruit juice,53
grenadine,50
guava nectar,48
hawaiian punch,472
horchata,54
iced tea ,9
jolt cola,40
kool aid (kraft heinz),2
lemon juice,37
lemon lime soda,62
lime juice,25
limeade,0
malt powder,21
mango nectar,60
manzana,223
mello yello,691
minute maid,16
molson,45
monster energy,133
monster energy ultra,233
mug root beer,44
nectar,70
nestea,20
noni drink,111
orange juice,43
orange soda,241
papaya juice,334
passion fruit juice,224
peach juice ,42
pear juice,48
pear nectar,64
pepsi,44
pepsi max,0
pesca,20
pibb xtra (coca cola),79
pineapple juice,44
pineapple orange juice ,51
pink lemonade,40
pomegranate juice,47
powerade,18
prune juice ,46
punch,44
red bull energy drink,46
schweppes ginger ale,345
slurpee ,448
smoothie,133
soft drink,41
sports drink,717
sprite (coca cola),33
sprite zero (coca cola),1
squirt ,328
strawberry shake,113
sweet tea,28
tab ,2
tangerine juice,49
tap water,0
tilt,38
tomato juice,17
tonic water,34
turkey hill,94
vanilla coke,42
vegetable juice,34
water,0
water with lemon,11
white grape juice,32
white grapefruit juice,254
almond milk coffee,164
black coffee,2
black coffee with sugar,6
cafe americano,4
caffã¨ macchiato,2
cappuccino,34
coffee with creamer,16
coffee with almond milk,531
coffee with milk and sugar,12
coffee with milk ,95
coffee with skim milk,30
coffee with soy milk,385
coffee with whole milk,63
coffee ,3
double espresso,9
espresso,1
flat white coffee,327
grande cafe latte,70
iced coffee,75
instant coffee ,7
latte ,44
nescafe classic ,2
nescafã© gold,2
turkish coffee,570
white coffee,551
brut champagne,82
cabernet sauvignon ,83
cava,75
champagne,83
chardonnay ,84
chenin blanc,80
cider,47
cooking wine,50
dry red wine,83
gewurztraminer white wine,81
malbec wine ,86
marsala wine,35
merlot ,83
moscato wine,365
mulled wine,107
non alcoholic wine,15
pinot gris,83
pinot noir ,82
plum wine,106
port wine,154
prosecco,83
red wine,74
riesling ,80
rose wine,89
sangria,96
sauvignon blanc,81
sherry,118
shiraz,40
sparkling wine,83
sweet red wine,25
sweet white wine,98
table wine,74
vermouth,160
white wine,74
white zinfandel,51
wine,74
yellow tail wine,81
zinfandel,88
beck's,38
beer,42
beer light,20
bud ice,34
bud light,29
bud light lime,31
bud select,28
bud select 55,15
budweiser,41
busch,17
carlsberg,45
coors,29
coors light,31
dark beer,37
genesee cream ale,46
ginger beer,45
guinness,30
heineken,42
honey brown,51
hurricane high gravity,52
keystone ice,40
keystone light,101
labatt michelob ultra,27
lager beer,42
land shark,42
light beer,30
lã¶wenbrã¤u original,44
malt beer,54
michelob amber bock,43
michelob lager,44
michelob light,27
michelob ultra,17
michelob ultra amber,28
michelob ultra lime cactus,27
miller chill,37
miller genuine draft,41
miller high life,40
miller high life light,30
miller lite,27
milwaukee's best,41
milwaukee's best light,28
natural light,95
newcastle brown ale,40
non alcoholic beer,25
old milwaukee (pabst brewing company),42
olde english (miller brewing company),45
pabst blue ribbon,41
pale ale,35
pilsner,42
rolling rock,39
root beer,2
samuel adams,49
shock top,47
shock top raspberry wheat,50
stout beer ,54
strong beer,70
wheat beer,38
absinthe,133
amaretto,95
applejack,146
asti,83
baileys (17%),94
blue curacao,72
bourbon,74
brandy,92
bud light chelada,42
budweiser chelada,52
coffee liqueur,336
coincreatu,101
colt (45%),58
daiquiri,158
dark rum,69
drambuie (40%),366
eggnog ,85
gin,80
gin tonic,66
grand marnier,64
jim beam (40%),72
jã¤germeister (35%),77
kahlua (16%),74
liquor ,246
midori (20%),67
pina colada,78
rum,70
sambuca,116
scotch,69
southern comfort,69
steel reserve hi gravity malt liquor,62
tequila,69
tequila sunrise,110
triple sec,53
vodka,70
vodka smirnoff (37.5%),19
whiskey sour,101
whiskey ,74
3 musketeers (mars),44
85% dark chocolate,25
after eight mints (nestlã©),34
airheads,46
almond roca,200
animal crackers,13
birthday cake,340
biscoff,35
biscuit hard ,21
brittle,57
butterscotch,21
candy apple,134
candy cane,25
candy corn,118
cannoli,216
caramel rice cake,50
caramel squares,50
caramels,22
celebrations (mars),170
chewing gum,11
chocolate,23
chocolate bar,201
chocolate chip cookie,276
chocolate coffee beans,216
chocolate covered graham crackers,104
chocolate fudge,68
chocolate pretzels,104
chocolate wafers,26
chocolate wine,153
clif bar,235
cookies,44
cotton candy ,55
crab apple,130
crystallized ginger,13
dairy milk,200
dar vida,171
dark chocolate,155
digestive milk chocolate,80
digestive ,71
ferrero rocher,66
fortune cookies,30
fruit leather,97
gingerbread,112
gingersnap cookies,29
glazed donut,330
goldfish,137
graham crackers,13
gumdrops ,90
gummi bears ,137
halavah,400
hanuta (ferrero),119
hard candy,12
hershey kisses,206
honeycomb,70
hot chocolate,198
jaffa cakes,19
jellies,79
jelly beans (jelly belly),168
jolly ranchers,39
jordan almonds,21
kit kat (nestlã©),399
ladyfingers,33
laffy taffy,140
licorice ,19
lifesavers (wrigley),13
lindor chocolate balls (lindt),75
lindt chocolate,62
lollipop,47
m&m's,36
macaron,64
maltesers (mars),185
mars bar,175
marshmallow,23
marzipan,75
merci (storck),70
meringue,79
mike and ike,13
milk chocolate,27
milk chocolate kisses (hershey's),72
milk duds,4
milky way (mars),36
mini milk (wall's),54
nonpareils,19
nutella (ferrero),108
nutri grain (kellogg's),81
oatmeal cookies,90
oatmeal raisin cookies,90
oreo ,52
panettone,303
payday (hershey),74
peanut bar,235
peanut brittle,146
peanut butter bars,228
peanut butter cookies,95
peanut butter cup,25
peanut butter fudge ,62
peanut butter sandwich cookies,67
peppermint bark,200
pera,136
pez,34
poularde,116
praline,226
raisin bread,76
raisin cookies,20
raisin nut bran,13
rock sugar,24
rolo,125
sesame crunch,6
shortbread ,88
shredded wheat,8
skittles original (wrigley),121
skittles wild berry (wrigley's),80
smarties (nestlã©),66
snickers (mars),240
snickers mini (mars),9
soko,82
sparks,100
speculoos,37
spritz cookies,81
strawberry topping,23
sugar apple,94
sugar coated almonds,226
sugar cookies,147
sunkist,86
taffy,58
tarte tatin,204
toblerone (mondelez),134
toffee,22
twix (mars),124
vanilla fudge,84
vanilla wafers,17
waffle,253
white chocolate,27
zinger (hostess),130
baskin robbins,210
ben and jerry's,260
blue moon,136
caramel sundae,196
chocolate chip ice cream,161
chocolate frozen yogurt,131
chocolate ice cream,89
chocolate milkshake,135
coffee cake,372
coffee ice cream,89
crunchie mcflurry,176
french vanilla ice cream,222
frozen yogurt,202
hot fudge sundae,59
ice cream cone,262
ice cream sandwich,240
ice cream sundae (mcdonald's),155
ice cream butter pecan,122
italian ice,109
magnolia sorbet,426
magnum (wall's),185
magnum almond (wall's),174
magnum double caramel,257
magnum double chocolate,248
magnum gold (wall's),231
magnum white (wall's),209
mcflurry (mcdonald's),248
mcflurry oreo (mcdonald's),215
mint chocolate chip ice cream,41
natural ice,140
orange sherbet,35
pop ice,91
rocky road ice cream,323
smarties mcflurry (mcdonald's),345
snickers ice cream (mars),19
soft serve ,154
solero (wall's),197
strawberry ice cream,44
strawberry sundae,158
vanilla cone,280
vanilla ice cream,94
angel food cake,150
apple cake,323
apple cobbler,240
apple pie,331
apple pie filling,85
apple strudel,136
apple turnover,298
applesauce cake,370
bakewell tart,157
banana cream pie,387
black forest cake,336
blueberry muffin,304
blueberry pie,62
brownie,152
bundt cake,190
caramel cake,390
carrot cake,415
cheesecake,262
cherry pie,304
chess pie lemon,99
chocolate cake,432
chocolate cake with chocolate coverage,143
chocolate cream pie,437
chocolate fudge brownie,38
chocolate mousse cake,370
chocolate mousse pie,247
chocolate muffin,208
coconut cake,388
corn muffin,257
cupcake,134
danish pastry,419
donut,55
donut with cream filling,180
dutch apple pie,606
egg custard,420
flourless chocolate cake,48
fruit cake,132
fruitcake,139
funnel cake,32
german chocolate cake,300
ham and cheese cake,343
hotcakes,104
ice cream cake,102
layer cake,526
lemon cake,461
lemon meringue pie,303
madeira cake,32
marble cake,286
muffin,146
oat bran muffin,178
opera cake,80
peach cobbler,81
peach pie,213
pecan pie,189
pie crust,653
pineapple upside down cake ,367
plum cake,296
poppy seed cake,294
pound cake,85
pumpkin cheesecake,382
pumpkin pie,191
raspberry pie,511
red velvet cake,66
rhubarb pie,179
rice cakes lightly salted,16
rum cake,63
sacher torte,489
shortcake,225
spanakopita,81
spice cake,428
sponge cake,121
sprinkles,1
squash,191
strawberry cheesecake,303
strawberry pie,206
strawberry rhubarb pie,422
sweet potato pie,202
swiss roll,121
tiramisu cake,200
treacle tart,24
tres leches cake,42
victoria sponge cake,310
wedding cake,508
white cake,189
whoopie pie,181
yellow cake,245
yellow cake with chocolate frosting,243
angel delight (premier foods),71
apple dippers,124
applesauce,53
blueberry cobbler,227
bread pudding,155
chocolate mousse,291
chocolate pudding,142
corn pudding,191
crepe,125
custard,48
dulce de leche,47
flan,218
gelatin dessert,60
ice milk,60
lemon pudding,200
pie,351
profiterole,477
rice pudding ,141
tapioca pudding,145
tiramisu,390
trifle,168
vanilla frozen yogurt,114
vanilla pudding,155
acorn,116
alfalfa sprout ,5
almond,6
almond butter,65
almonds roasted,155
avocado oil,899
beechnut,163
black sesame,153
brazil nut,35
breadfruit seeds,19
cashew,181
cashew butter,62
chestnut,84
chestnuts roasted,206
chia seeds,46
coconut meat,354
coconut whole coconut,384
coriander seeds,298
cotton seeds,506
fennel seed,11
fenugreek seeds,36
flax seed ,99
ginkgo nuts,55
hazelnut,202
hickory nuts,105
lotus seed,27
macadamia nuts,219
mandeln,186
marron,11
mixed nuts,152
moringa,165
nuts,73
peanut butter,60
peanut ,182
pecan ,219
pignut,179
pili nuts,110
pine nuts,89
pistachios,185
poppy seed,107
pumpkin seeds,147
roasted almonds,19
safflower seeds,95
sesame butter,8
sesame meal,71
sesame seeds,120
smoked almonds,182
soy nut butter,23
soy nuts,67
spanish peanuts,35
sunbutter,93
sunflower seeds,148
sweet chestnut,64
tigernut,150
trail mix,156
tropical trail mix,186
walnut,220
water chestnut,339
almond oil,45
argan oil,72
bacon grease,3
basil,12
beef tallow,902
borage,3
butter,75
butter oil,131
canola oil,28
chicken fat,900
cod liver oil,135
corn oil,131
cottonseed oil,884
dill ,1
duck fat,93
extra virgin olive oil,135
flaxseed oil ,135
flora light,27
garlic powder,20
goose fat,135
grapeseed oil ,90
hazelnut oil,40
hemp oil,126
lard,134
macadamia oil,120
margarine,72
mustard oil,49
olive oil,135
palm oil,135
peanut oil,135
poppy seed oil,135
pumpkin seed oil,135
safflower oil,279
salmon oil ,135
salted butter,70
sesame oil,135
shortening,88
soy margarine,146
soy oil ,135
sunflower butter,72
sunflower oil,135
unsalted butter,75
vegetable oil rape,135
vegetable shortening,54
walnut oil,135
wheat germ oil,180
almond milk original,22
almond milk unsweetened ,13
azumaya tofu,70
bean curd,154
firm tofu,71
fried bean curd,21
meatless meatballs,30
oat milk,40
plant based chicken,386
rice milk,53
silken tofu,27
soft tofu,42
soy cheeseâ ,36
soy drink,29
soy noodles,292
soy nut butter,23
soy yogurt,36
soya chunks,193
sweetened condensed milk,23
tempeh,142
tofu,101
tofu fried,108
unsweetened almond milk,13
unsweetened soy milk,422
unsweetened vanilla almond milk,21
vegan chicken,143
vegan meat,217
vegan steak,268
veggie patty,178
bcaa,32
booster vanilla,90
casein,100
chlorella,344
chocolate shake,60
collagen,50
collagen peptides,357
creatin,5
eaa vanilla,110
glucerna original shake,76
herbalife tea,6
impact whey protein (myprotein),123
mass gainer,379
omega 3,10
protein,113
protein bar,153
protein powder,120
protein shake,60
soy protein powder,201
vegan protein,121
weight gainer,551
whey protein,120
whey protein gold standard,117
whey protein isolate,14
whey protein powder vanilla,113
1000 island dressing,26
agave syrup,61
ajvar,12
apple cider vinegar ,3
apricot jam,43
au jus,16
balsamic vinaigrette dressing,330
balsamic vinegar,15
barbecue sauce,16
basil pesto,314
beef gravy,488
bernaise sauce,529
blackberry jam,56
blackcurrant jam,54
blue cheese dressing,32
blueberry jam,45
bolognese,117
bouillon,5
buttermilk ranch dressing,110
caesar dressing,458
canadian maple syrup,135
catalina dressing,184
cheese whiz,80
cherry jam,45
chicken gravy,48
chicken gumbo soup,23
chili sauce,138
chocolate hazelnut spread,118
chocolate spread,199
chunky peanut butter,593
cocktail sauce,42
coffee mate coffee creamer,25
coleslaw dressing,404
cranberry orange relish,45
cream sauce,163
creamy peanut butter,209
curry sauce,185
damson,54
dijon mustard,5
duck sauce,29
elderflower syrup ,36
fish sauce,6
french dressing ,8
fruit jam,278
gravy,16
gravy granules,9
greek dressing,120
green goddess dressing,64
guacamole,49
ham salad,192
hoisin sauce,35
honey mustard dressing,70
hummus ,37
italian dressing,41
jelly,279
jif peanut butter,130
ketchup ,17
lemon pie filling,184
maple sugar,11
maple syrup,52
marmite,18
marshmallow fluff,48
mayonaise ,91
mayonnaise dressing,48
mayonnaise light,59
mullet,183
mushroom gravy,65
mustard,8
mustard sauce,169
máº­t ong,58
natural peanut butter,62
nutella (ferrero),108
olive spread,278
orange marmalade,28
orange sauce,118
oyster sauce,107
pancake syrup,5
peanut spread,89
peppercorn dressing,85
pesto ,318
peter pan peanut butter (post),33
pizza sauce,30
plum jam,45
plum sauce,76
poppyseed dressing,19
powdered peanut butter,46
ranch dressing,32
raspberry jam,250
red wine vinegar,3
reeses peanut butter cups,22
remoulade sauce,195
russian dressing,53
salad cream,83
salsa verde,68
salsa con queso,3
salsa ,25
sesame ginger dressing,8
sesame paste,99
skippy creamy peanut butter,34
skippy peanut butter,49
smooth peanut butter,96
smuckers strawberry jam,10
sofrito,40
sour cream sauce,79
soy mayonnaise,58
soy sauce,18
soynut butter,190
steak sauce,55
strawberry jam,45
strawberry jelly,60
sunflower seed butter,20
sweet chilli,25
sweet and sour sauce ,51
tabasco ,2
tahini,90
tartar sauce,70
teriyaki sauce,10
tomato ketchup,45
tomato paste,9
tomato puree,34
tomato sauce,95
turkey stuffing,110
tzatziki,8
vegemite,9
vegetable cream cheese,83
vinaigrette,55
vinegar,3
white sauce,71
wild honey,30
worcestershire sauce,50
yogurt dressing,39
zesty italian dressing,56
anise ,23
aonori,0
bay leaf,1
black pepper,9
black tea,1
black tea with milk,3
broth,148
caper,1
caraway seed,371
cardamom,355
cayenne pepper,379
celery seeds,2
chai tea ,50
chamomile tea,27
chickweed,9
chili powder,28
chili ,38
chives,1
cinnamon ,25
cinnamon ground,6
cloves,19
coriander,2
cumin seed ,375
curry ,405
dill seeds,305
fenugreek,22
garlic salt,0
ginger,1
ginger root,9
ginger tea bag ,5
green pepper,1
green tea,1
ground elder,1
ground ginger,10
harissa,45
hibiscus tea,429
indian tea,50
juniper berry,12
kombucha,38
land cress,9
lemon grass,4
loroco,5
maggi,10
marjoram,2
milo (nestlã©),16
mint,1
mustard seed,8
nutmeg,81
onion powder,27
orange bell pepper,141
oregano,6
paprika,9
parsley,18
pepper,1
peppermint,1
pimiento,3
poultry seasoning,5
pumpkin pie spice,342
red chili peppers,8
roselle,49
rosemary,3
saffron,0
sage,3
salt,0
samphire,1
savory,2
sea salt,0
spicy italian,9
stinging nettles,48
taro leaves,12
tarragon,3
tea,1
tea with milk,536
tea with milk and sugar,533
tea with semi skimmed milk ,4
thai curry paste,42
thyme,2
turmeric,26
vanilla,16
wasabi,4
watercress,1
watercress ,6
white pepper,10
yarrow,6
yerba mate,375
zaatar,0
bagel chips,126
baked chips,149
banana chips,52
beef stick,117
butterscotch chips,2
caramel pop corn,118
cheese crackers,10
cheese popcorn,526
chester,243
chips,170
chocolate rice cake,7
corn cake,7
corn chips,144
corn thins original,48
cream cracker,66
doritos,145
flaming hot cheetos,160
fruit gushers,90
granola bar,81
grissini,14
microwave popcorn,115
nachos,386
nachos with cheese,220
oriental rice cracker mix,7
palmyra sprout,215
pita chips,21
plantain chips,79
popcorn air popped,192
popcorn oil popped,98
popcorn unpopped,169
pretzel sticks,5
ready salted crisps,159
rice crisps,34
roasted chickpeas,139
roasted soybeans,135
s'mores candy bar,169
scoops tortilla chips,140
sea kale,140
sesame sticks,156
soy chips,54
sweet peas,11
sweet potato chips,66
taro chips,58
tepary bean,114
tortilla chip,9
vegetable chips,154
